brand,franchisee_name,raw_address,city,state,zip,restaurant_phone
Jamba Juice,"Vitaligent-East Bay, Llc",1570 South Bascom Ave.,San Jose,CALIFORNIA,95125,408.558.0320
Jamba Juice,"Vitaligent-East Bay, Llc",1030 El Paseo de Saratoga,San Jose,CALIFORNIA,95130,408.874.0670
Jamba Juice,"Vitaligent-East Bay, Llc",1140 Lincoln Ave. #A,San Jose,CALIFORNIA,95125,408.795.1577
Jamba Juice,"Compass Group Usa, Inc.","211 S. 9th Street, Student Union",San Jose,CALIFORNIA,95112,408-924-1870
Jamba Juice,"Vitaligent-East Bay, Llc",125 Bernal Rd. B-40,San Jose,CALIFORNIA,95119,408.227.5988
Jamba Juice,"Vitaligent-East Bay, Llc",2029 Camden Ave.,San Jose,CALIFORNIA,95124,408.626.9842
Jamba Juice,"Vitaligent-East Bay, Llc",2990 E. Capitol Expressway #30,San Jose,CALIFORNIA,95148,408.531.1180
Jamba Juice,"Vitaligent-East Bay, Llc","1720 Story Rd., Ste. #46",San Jose,CALIFORNIA,95122,408.347.9101
Jamba Juice,"Vitaligent-East Bay, Llc","695 Coleman Ave., Ste. 10",San Jose,CALIFORNIA,95110,408.298.2985
Jamba Juice,"Vitaligent-East Bay, Llc","91 Curtner Ave., Ste. 80",San Jose,CALIFORNIA,95125,408.287.1530
Jamba Juice,"Vitaligent-East Bay, Llc",372 North Capitol Ave.,San Jose,CALIFORNIA,95133,408.254.1449
Jamba Juice,"Bayport Concessions, Llc","1701 Airport Blvd, Terminal B",San Jose,CALIFORNIA,95110,408.320.2777
Jamba Juice,Fresh Dining Concepts Llc,925 Blossom Hill Rd,San Jose,CALIFORNIA,95123,669.312.4989
Jamba Juice,"Valley Juice, Llc","15555 E. 14th Street, Ste. 198",San Leandro,CALIFORNIA,94578,510.481.1838
Jamba Juice,"Slo Life Company, Llc","17 Chorro Street, #C",San Luis Obispo,CALIFORNIA,93405,805.549.0637
Jamba Juice,"Slo Life Company, Llc",890 Marsh Street,San Luis Obispo,CALIFORNIA,93401,805.549.0733
Jamba Juice,Cal Poly Corporation,"1 Grand Ave, Bldg 112",San Luis Obispo,CALIFORNIA,93407,805.756.1955
Jamba Juice,"Fresh Squeezed Akash, Llc",48 East 4th Ave.,San Mateo,CALIFORNIA,94401,650.558.3918
Jamba Juice,"Fresh Squeezed Akash, Llc",1230-A West Hillsdale Blvd.,San Mateo,CALIFORNIA,94403,650.357.0804
Jamba Juice,"Fresh Squeezed Akash, Llc",29 Hillsdale Mall,San Mateo,CALIFORNIA,94403,415.610.3324
Jamba Juice,"Valley Juice, Llc",30-C San Pablo Towne Center,San Pablo,CALIFORNIA,94806,510.215.1741
Jamba Juice,"South Bay Smoothies, Llc","924 N. Western Ave., #300",San Pedro,CALIFORNIA,90732,310.514.8352
Jamba Juice,"One Whirld, Inc.",266 Northgate One,San Rafael,CALIFORNIA,94903,415.491.7700
Jamba Juice,Sonnshine Llc,3141-H Crow Canyon Place,San Ramon,CALIFORNIA,94583,925.275.6890
Jamba Juice,"Galeco, Llc",4463 Camino De La Plaza,San Ysidro,CALIFORNIA,92173,619.746.6565
Jamba Juice,"Creative Juices, Inc.",2160-C California Ave.,Sand City,CALIFORNIA,93955,831.583.9696
Jamba Juice,Purezest Llc,"1601 West 17th St, Unit E1",Santa Ana,CALIFORNIA,92706,657-232-0265
Jamba Juice,Purezest Llc,"2841 W. MacArthur Blvd, Ste D",Santa Ana,CALIFORNIA,92704,714-760-4222
Jamba Juice,Fly Away Foods Llc,18601 Airport Way,Santa Ana,CALIFORNIA,92707,949.230.8872
Jamba Juice,"One Whirld, Inc.",3119 Mission College Blvd.,Santa Clara,CALIFORNIA,95054,(408) 450-7990
Jamba Juice,"One Whirld, Inc.",2372 El Camino Real,Santa Clara,CALIFORNIA,95050,(408) 241-1523
Jamba Juice,"Creative Juices, Inc.",1550 Pacific Ave.,Santa Cruz,CALIFORNIA,95060,831.426.5262
Jamba Juice,"Slo Life Company, Llc","530 E. Betteravia Rd., Ste. A-3",Santa Maria,CALIFORNIA,93455,805.922.3240
Jamba Juice,"Juice To Go, Llc",2461 Santa Monica Blvd,Santa Monica,CALIFORNIA,90404,323.588.1800
Jamba Juice,"One Whirld, Inc.","2360 Mendocino Ave., Ste. A7",Santa Rosa,CALIFORNIA,95403,707.527.5501
Jamba Juice,"One Whirld, Inc.","733 Coddingtown Mall, Space 346",Santa Rosa,CALIFORNIA,95401,707.527.0657
Jamba Juice,Fresh Dining Concepts Llc,9828 Mission Gorge Rd.,Santee,CALIFORNIA,92071,619.448.2746
Jamba Juice,"Creative Juices, Inc.","214 Mt. Hermon Rd., Ste. D",Scotts Valley,CALIFORNIA,95066,831.430.9282
Jamba Juice,"Rpm Juice, Inc.",14425 Burbank Blvd.,Sherman Oaks,CALIFORNIA,91401,(818) 849-5151
Jamba Juice,"Idad-3, Inc",1368 Madera Rd. #14,Simi Valley,CALIFORNIA,93065,(805) 285-0591
Jamba Juice,"Idad-3, Inc",2944 Tapo Canyon Rd. #H,Simi Valley,CALIFORNIA,93063,(805) 842-1482
Jamba Juice,"Blended Star Norcal, Inc.","1191 Sanguinetti Rd, #B1",Sonora,CALIFORNIA,95370,209-536-4458
Jamba Juice,Gns Holdings Inc.,4000 Lake Tahoe Blvd. #33,South Lake Tahoe,CALIFORNIA,96150,530.544.8890
Jamba Juice,"Juice To Go, Llc",1101 Fair Oaks Ave.,South Pasadena,CALIFORNIA,91030,626.799.1775
Jamba Juice,"Fresh Squeezed Akash, Llc","459 Lagunita Dr., Ste. 11",Stanford,CALIFORNIA,94305,650.833.6845
Jamba Juice,"Vitaligent-Norcal, Llc",201 Lincoln Center,Stockton,CALIFORNIA,95207,209.951.9300
Jamba Juice,"Vitaligent-Norcal, Llc","10952 Trinity Pkwy, Ste. H",Stockton,CALIFORNIA,95219,209.475.9770
Jamba Juice,"Vitaligent-Norcal, Llc","2829 W. March Lane, Ste. C7",Stockton,CALIFORNIA,95219,209.952.9617
Jamba Juice,"One Whirld, Inc.",797 E. El Camino Real,Sunnyvale,CALIFORNIA,94087,(408) 530-0950
Jamba Juice,Bright Works Incorporated,"26550 Ynez Rd., Unit A",Temecula,CALIFORNIA,92591,951.587.2337
Jamba Juice,Bright Works Incorporated,"31938 Hwy 79 South, Unit E",Temecula,CALIFORNIA,92592,951.302.2223
Jamba Juice,"Idad-3, Inc","33 N. Moorpark Rd., Ste. G",Thousand Oaks,CALIFORNIA,91360,(805) 449-1300
Jamba Juice,"Fc Juice Partners California, Llc","1025 Broadbeck Lane, Ste. G",Thousand Oaks,CALIFORNIA,91320,(805) 498-5072
Jamba Juice,"Sodexo Operations, Llc","60 West Olsen, Ste 2450",Thousand Oaks,CALIFORNIA,91360,8054933204
Jamba Juice,"South Bay Smoothies, Llc","24223 Crenshaw Blvd., #A",Torrance,CALIFORNIA,90505,310.517.0224
Jamba Juice,"Socal Smoothies, Llc","21213 Hawthorne Blvd, Ste C, Unit 107-27",Torrance,CALIFORNIA,90503,310.316.3923
Jamba Juice,"Vitaligent-Norcal, Llc","2501 Naglee Rd., Ste. A",Tracy,CALIFORNIA,95304,209.835.7308
Jamba Juice,Fresh Dining Concepts Llc,1681 Hillman Street,Tulare,CALIFORNIA,93274,559.686.1857
Jamba Juice,"Vitaligent-Norcal, Llc",3100 Countryside Dr Ste. 100,Turlock,CALIFORNIA,95380,209.656.0941
Jamba Juice,Turlock Main St. Inc.,2300 W. Main Street,Turlock,CALIFORNIA,95380,530.777.2405
Jamba Juice,"Tetrad Investments, Lp","15190 Kensington Park Dr, Ste E2",Tustin,CALIFORNIA,92780,714-760-4814
Jamba Juice,"Vitaligent-Norcal, Llc",2091-A Harbison Dr.,Vacaville,CALIFORNIA,95687,707.451.8403
Jamba Juice,"Vitaligent-Norcal, Llc","1651 E. Monte Vista Ave, Ste. 101",Vacaville,CALIFORNIA,95688,707.455.7302
Jamba Juice,Right Appetite Llc,27061 McBean Pkwy,Valencia,CALIFORNIA,91355,661.290.2438
Jamba Juice,"One Whirld, Inc.",165 Plaza Drive #709,Vallejo,CALIFORNIA,94591,707.641.2022
Jamba Juice,"Rpm Juice, Inc.",7221 Van Nuys Blvd.,Van Nuys,CALIFORNIA,91405,(818) 290-3620
Jamba Juice,American Juice Company Inc.,15617 Roy Rogers Drive,Victorville,CALIFORNIA,92394,760.486.2842
Jamba Juice,Fresh Dining Concepts Llc,"2038 S. Mooney Blvd., M-1",Visalia,CALIFORNIA,93277,559.713.0704
Jamba Juice,"Gateway Travel Center, Inc.","8847 Ave 280, # A",Visalia,CALIFORNIA,93277,559-931-9331
Jamba Juice,Fresh Dining Concepts Llc,"465 Hacienda Drive, Ste. 200",Vista,CALIFORNIA,92081,442.224.5201
Jamba Juice,"Vitaligent-East Bay, Llc",704 A Bancroft Rd.,Walnut Creek,CALIFORNIA,94598,925.944.2900
Jamba Juice,Juicecrafters Inc.,"120 S. California Ave., Ste. B",West Covina,CALIFORNIA,91790,626.960.0599
Jamba Juice,"Rpm Juice, Inc.",22815 Victory Blvd. #B,West Hills,CALIFORNIA,91307,818-610-1006
Jamba Juice,"Vitaligent-Norcal, Llc","2155 Town Center Plaza, Ste. #140",West Sacramento,CALIFORNIA,95691,916.617.2410
Jamba Juice,"Idad-3, Inc",2749 Agoura Rd.,Westlake Village,CALIFORNIA,91361,805.778.0854
Jamba Juice,Purezest Llc,"6777 Westminster Blvd., Ste. B",Westminster,CALIFORNIA,92683,714.890.3581
Jamba Juice,Purezest Llc,"15576 Whittwood Lane, Ste. 27-C",Whittier,CALIFORNIA,90603,562.902.2450
Jamba Juice,Purezest Llc,10124 Carmenita Road,Whittier,CALIFORNIA,90605,562.946.7363
Jamba Juice,"Pak Investment, Inc.",35876 Winchester Road,Winchester,CALIFORNIA,92596,951.467.0000
Jamba Juice,"Vitaligent-Norcal, Llc","1897 East Gibson Rd., Ste. E",Woodland,CALIFORNIA,95776,530.406.0486
Jamba Juice,"Rpm Juice, Inc.",6441 Canoga Ave.,Woodland Hills,CALIFORNIA,91367,818.912.6297
Jamba Juice,Fresh Dining Concepts Llc,"1258 Stabler Lane, Ste. 150",Yuba City,CALIFORNIA,95993,530.790.7767
Jamba Juice,Whirl Colorado Llc,14151 E. Cedar Ave.,Aurora,COLORADO,80012,303.284.4852
Jamba Juice,Whirl Colorado Llc,"24107 E. Commons Ave., Ste. 101",Aurora,COLORADO,80016,720.274.5323
Jamba Juice,"Three Tom Brands, Llc",10650 E Garden Drive Suite 101,Aurora,COLORADO,80012,303.955.4874
Jamba Juice,Whirl Colorado Llc,3053 Arapahoe Ave.,Boulder,COLORADO,80303,303.247.1170
Jamba Juice,"Three Tom Brands, Llc",6202 S. Parker Road,Centennial,COLORADO,80016,303-997-7583
Jamba Juice,Cos Hoover Llc,1708 E. Woodmen Rd.,Colorado Springs,COLORADO,80920,719-593-5889
Jamba Juice,Cos Hoover Llc,3730 Bloomington Street,Colorado Springs,COLORADO,80922,7197319121
Jamba Juice,Whirl Colorado Llc,1685 South Colorado Blvd.,Denver,COLORADO,80222,303.691.5066
Jamba Juice,Whirl Colorado Llc,701 16th Street,Denver,COLORADO,80202,303.892.1361
Jamba Juice,"Fm Juice Company, Llc",8600 E. Pena Blvd.,Denver,COLORADO,80249,303.342.8398
Jamba Juice,"Dia Juice, Llc","8900 Pena Blvd, Concourse C",Denver,COLORADO,80249,3033426742
Jamba Juice,Whirl Colorado Llc,14237 West Colfax Ave.,Golden,COLORADO,80401,303.271.0667
Jamba Juice,Whirl Colorado Llc,7297 W. Alaska Dr.,Lakewood,COLORADO,80226,720.974.3216
Jamba Juice,Whirl Colorado Llc,"100 East 120th Ave, Ste C120",Northglenn,COLORADO,80233,303.255.4554
Jamba Juice,Whirl Colorado Llc,"5160 W. 120th Ave., Ste. J",Westminster,COLORADO,80030,303.466.9268
Jamba Juice,O&S Llc,263 Boston Post Rd,Orange,CONNECTICUT,06477,(475) 209-9170
Jamba Juice,Cyrus Amroliwalla,1500 New Britain Avenue,West Hartford,CONNECTICUT,06110,959-999-0789
Jamba Juice,All About Foods Group Inc.,Schoephoester Road,Windsor Locks,CONNECTICUT,06096,860.758.5198
Jamba Juice,Riyad Omar,160 Rehoboth Avenue,Rehoboth Beach,DELAWARE,19971,(302) 227-1999
Jamba Juice,St Endeavors Llc,5613 Concord Pike,Wilmington,DELAWARE,19803,302-543-7530
Jamba Juice,"Sodexo Operations, Llc","15 Independence Ave, SE",Washington,DISTRICT OF COLUMBIA,20515,202.226.4359
Jamba Juice,Union Hfv Llc,50 Massachusetts Ave NE,Washington,DISTRICT OF COLUMBIA,20002,571.424.5096
Jamba Juice,Grak Concepts Llc,1400 Glades Rd.,Boca Raton,FLORIDA,33431,561.620.8895
Jamba Juice,Grak Concepts Llc,"694 Yamato Rd., Ste. #3",Boca Raton,FLORIDA,33431,561.994.0236
Jamba Juice,Grak Concepts Llc,2816 University Dr.,Coral Springs,FLORIDA,33065,954.575.2228
Jamba Juice,Grak Concepts Llc,"3200 N Federal Hwy., #607",Fort Lauderdale,FLORIDA,33306,954.630.3638
Jamba Juice,"Compass Group Usa, Inc.",1 UNF Drive,Jacksonville,FLORIDA,32224,9046205220
Jamba Juice,"Sun N' Fun Enterprises, Inc.",6000 W. Osceola Pkwy.,Kissimmee,FLORIDA,34746,407.586.0831
Jamba Juice,Grak Concepts Llc,7704 N. Kendall Dr.,Miami,FLORIDA,33156,305.273.5536
Jamba Juice,"Compass Group Usa, Inc.",Graham Center- 11200 SW 8th St,Miami,FLORIDA,33199,(305)348 0043
Jamba Juice,Ella'S Desserts Llc,673 Collins Ave.,Miami,FLORIDA,33139,786.536.2721
Jamba Juice,Grak Concepts Llc,2024 N. Flamingo Rd.,Pembroke Pines,FLORIDA,33028,954.885.9050
Jamba Juice,Grak Concepts Llc,"11053 Pines Blvd., Unit 422",Pembroke Pines,FLORIDA,33026,954.437.9404
Jamba Juice,Grak Concepts Llc,"11081 Southern Blvd., Ste 170",Royal Palm Beach,FLORIDA,33411,561.795.0429
Jamba Juice,Grak Concepts Llc,"10160 Forest Hill Blvd, Ste. 150",Wellington,FLORIDA,33414,561.753.7939
Jamba Juice,Fresh Dining Concepts Llc,1751 Palm Beach Lakes Blvd,West Palm Beach,FLORIDA,33401,561.530.7123
Jamba Juice,"Se Co-Brand Ventures, Llc",3393 Peachtree Road,Atlanta,GEORGIA,30326,770-370-9892
Jamba Juice,"Se Co-Brand Ventures, Llc",3450 Wrightsboro Rd,Augusta,GEORGIA,30909,706.849.8009
Jamba Juice,Dncths Atlanta Partners,"ATL Airport, Terminal T, 7700 Spine Road",College Park,GEORGIA,30321,4047621577
Jamba Juice,Royal Seven Food Llc,2334 Jonesboro Rd.,Hampton,GEORGIA,30228,470-781-1142
Jamba Juice,Board Of Regents Of The University System Of Ga By And On Behalf Of Ksu Un,395 Cobb Ave,Kennesaw,GEORGIA,30144,470.578.2109
Jamba Juice,Fresh Dining Concepts Llc,"98-1277 Kaahumanu St., Unit #6",Aiea (Oahu),HAWAII,96701,808.488.6246
Jamba Juice,Fresh Dining Concepts Llc,98-1005 Moanalua Rd,Aiea (Oahu),HAWAII,96701,808.488.8362
Jamba Juice,Fresh Dining Concepts Llc,94-1401 Fort Weaver Rd.,Ewa Beach (Oahu),HAWAII,96706,808.685.2440
Jamba Juice,Fresh Dining Concepts Llc,111 Puainako Street,Hilo (Big Island),HAWAII,96720,808.959.2250
Jamba Juice,Fresh Dining Concepts Llc,4211 Waialae Ave.,Honolulu (Oahu),HAWAII,96816,808.734.7988
Jamba Juice,Fresh Dining Concepts Llc,625 Kapahulu Ave.,Honolulu (Oahu),HAWAII,96816,808.734.4177
Jamba Juice,Fresh Dining Concepts Llc,550 Paiea Street,Honolulu (Oahu),HAWAII,96819,808.839.2737
Jamba Juice,"Sodexo Operations, Llc","2465 Campus Rd., Sodexho Campus Svcs Rm #220-A",Honolulu (Oahu),HAWAII,96822,808.956.2188
Jamba Juice,Fresh Dining Concepts Llc,"7192 Kalanianaole Hwy., #E-125",Honolulu (Oahu),HAWAII,96825,808.394.0280
Jamba Juice,Fresh Dining Concepts Llc,"1620 N. School St., Space J-4",Honolulu (Oahu),HAWAII,96817,808.832.1433
Jamba Juice,Fresh Dining Concepts Llc,"930 Valkenburgh St., #109",Honolulu (Oahu),HAWAII,96818,808.422.2807
Jamba Juice,Fresh Dining Concepts Llc,1450 Ala Moana Blvd.,Honolulu (Oahu),HAWAII,96814,808.628.7697
Jamba Juice,Fresh Dining Concepts Llc,4510 Salt Lake Blvd Ste D,Honolulu (Oahu),HAWAII,96818,808.628.6685
Jamba Juice,Fresh Dining Concepts Llc,"275 West Kaahumanu Ave., #F3",Kahului (Maui),HAWAII,96732,808.873.2003
Jamba Juice,Fresh Dining Concepts Llc,539 Kailua Rd.,Kailua (Oahu),HAWAII,96734,808.263.0975
Jamba Juice,Fresh Dining Concepts Llc,74-5588 Palani Rd.,Kailua-Kona (Big Island),HAWAII,96740,808.327.6900
Jamba Juice,Fresh Dining Concepts Llc,45-023 Kamehameha Highway,Kaneohe (Oahu),HAWAII,96744,808.234.5428
Jamba Juice,Fresh Dining Concepts Llc,500 Kamokila Blvd.,Kapolei (Oahu),HAWAII,96707,(808) 692-8739
Jamba Juice,Fresh Dining Concepts Llc,"274 Piikea Ave., #105",Kihei (Maui),HAWAII,96753,808.891.8874
Jamba Juice,Fresh Dining Concepts Llc,"3-2600 Kaumualii Hwy, #A7",Lihue (Kauai),HAWAII,96766,808.241.7042
Jamba Juice,Fresh Dining Concepts Llc,"95-1249 Meheula Pkwy., Bldg. 5",Mililani (Oahu),HAWAII,96789,808.627.1849
Jamba Juice,Fresh Dining Concepts Llc,95-221 Kipapa Dr.,Mililani (Oahu),HAWAII,96789,808.625.6680
Jamba Juice,Fresh Dining Concepts Llc,422 Kamehameha Hwy,Pearl City (Oahu),HAWAII,96782,(808) 312-1491
Jamba Juice,Fresh Dining Concepts Llc,"86-120 Farrington Highway, Unit #5",Waianae (Oahu),HAWAII,96792,808.628.6797
Jamba Juice,Fresh Dining Concepts Llc,700 Waiale Rd,Wailuku (Maui),HAWAII,96793,808 893-0369
Jamba Juice,Fresh Dining Concepts Llc,"94-821 Lumiaina St., Bldg #8 Ste. 2",Waipahu,HAWAII,96797,808.678.3138
Jamba Juice,Fresh Dining Concepts Llc,94-673 Kupuohi St.,Waipahu,HAWAII,96797,808.680.9223
Jamba Juice,Trees Company Llc,"350 N Milwaukee St, Space 5517",Boise,IDAHO,83704,208-488-4535
Jamba Juice,"Urban Investments, Llc","202 W. Ironwood Dr., Ste. E",Coeur D'Alene,IDAHO,83814,208.664.3206
Jamba Juice,"Juice It Up, Inc.",1803 S. 2500 E.,Idaho Falls,IDAHO,83406,208.542.0231
Jamba Juice,"Juice It Up, Inc.",417 S. Utah Ave,Idaho Falls,IDAHO,83402,208.524.2348
Jamba Juice,"Juice It Up, Inc.",2300 E 17th St,Idaho Falls,IDAHO,83404,208-419-0834
Jamba Juice,Trees Company Llc,3085 E. Ustick Road,Meridian,IDAHO,83646,208.509.4039
Jamba Juice,Trees Company Llc,1201 W Chinden Blvd ste 100,Meridian,IDAHO,83646,208.506.6225
Jamba Juice,Trees Company Llc,2025 12th Ave. Rd.,Nampa,IDAHO,83686,208.546.0839
Jamba Juice,Pocatello Smoothie Co Llc,1103 Yellowstone Ave.,Pocatello,IDAHO,83201,208.478.9852
Jamba Juice,Rexburg Smoothie Company Llc,138 W. Main Street,Rexburg,IDAHO,83440,208.359.9617
Jamba Juice,"Juice It Up, Inc.","1239 Pole Line Rd East, Ste 310C",Twin Falls,IDAHO,83301,208.735.2424
Jamba Juice,Smoothie Partners Llc,260 McHenry Road,Buffalo Grove,ILLINOIS,60089,847.243.4160
Jamba Juice,"Susu Hospitality Group, Llc","500 W. Madison St., #C007",Chicago,ILLINOIS,60661,312.474.0350
Jamba Juice,"Susu Hospitality Group, Llc","225 S. Canal St., Food Court",Chicago,ILLINOIS,60606,312.382.9904
Jamba Juice,"Natural Energy Unlimited Of Chicago, Llc","10000 West O'Hare Terminal 1, b.u. 93C (Gate B-7)",Chicago,ILLINOIS,60666,(773) 686-5859
Jamba Juice,"Susu Hospitality Group, Llc",875 N. Michigan Ave.,Chicago,ILLINOIS,60611,312-837-3803
Jamba Juice,"Susu Hospitality Group, Llc","6000 Northwest Hwy, Ste. 56-C",Crystal Lake,ILLINOIS,60014,779-356-4081
Jamba Juice,"Susu Hospitality Group, Llc","21690 West Long Grove Rd., Unit B",Deer Park,ILLINOIS,60010,847-320-1162
Jamba Juice,"Susu Hospitality Group, Llc",1732 Sherman Ave.,Evanston,ILLINOIS,60201,224-714-2109
Jamba Juice,"Susu Hospitality Group, Llc",1544 Commons Dr.,Geneva,ILLINOIS,60134,(630) 262-9360
Jamba Juice,"Susu Hospitality Group, Llc",6170 Grand Ave.,Gurnee,ILLINOIS,60031,773-705-0816
Jamba Juice,Hot Buns Company,203 Yorktown Center,Lombard,ILLINOIS,60521,630.785.3045
Jamba Juice,Hot Buns Company,"4136-E N Harlem Avenue, Space 32",Norridge,ILLINOIS,60706,708.695.9067
Jamba Juice,"Susu Hospitality Group, Llc",17W426 22nd Street,Oakbrook Terrace,ILLINOIS,60181,630-828-0251
Jamba Juice,"Susu Hospitality Group, Llc","15159 S. La Grange Rd., #400",Orland Park,ILLINOIS,60462,708.981.3237
Jamba Juice,Venkat Govind Llc,"16302 S. Boulevard Place, Unit 100",Plainfield,ILLINOIS,60586,815.782.8202
Jamba Juice,"Susu Hospitality Group, Llc","601 N. Martingale Rd., Ste. #310",Schaumburg,ILLINOIS,60173,847-466-5757
Jamba Juice,Fresh Dining Concepts Llc,5 Woodfield Mall,Schaumburg,ILLINOIS,60173,312.209.9906
Jamba Juice,"Susu Hospitality Group, Llc","700 N. Milwaukee Ave., Ste. 144",Vernon Hills,ILLINOIS,60061,224-294-0492
Jamba Juice,Juice And Pretzel Inc,4700 Gilbert Avenue #57,Western Springs,ILLINOIS,60558,708.260.7030
Jamba Juice,"Susu Hospitality Group, Llc",278 Danada Square West,Wheaton,ILLINOIS,60187,630.221.1573
Jamba Juice,"Susu Hospitality Group, Llc",7169 S. Kingery Highway,Willowbrook,ILLINOIS,60527,630-828-0250
Jamba Juice,"Bruegger'S Enterprises, Inc.",708 S. Riverside Dr,Iowa City,IOWA,52246,(319) 333-0019
Jamba Juice,"Connected Juice Co, Llc",10209 West 29th St N.,Wichita,KANSAS,67205,316.223.1272
Jamba Juice,"Connected Juice Co, Llc","12938 E. 21st Street, N.",Wichita,KANSAS,67230,316.796.5352
Jamba Juice,"Air Ventures, Llc","BWI Airport, Concourse A/B, Tenant S-18",Baltimore,MARYLAND,21240,(410) 859-1157
Jamba Juice,"Haider Ali Memon, Fatima Rafique",621 E. Pratt Street,Baltimore,MARYLAND,21202,443-438-5572
Jamba Juice,"Hfv2, Llc",7101 Democracy Blvd.,Bethesda,MARYLAND,20817,(443) 924-1917
Jamba Juice,"Karma York, Llc",11221 York Rd.,Cockeysville,MARYLAND,21030,443.318.6590
Jamba Juice,Riyad Omar,901 North Atlantic Avenue,Ocean City,MARYLAND,21842,443.365.9444
Jamba Juice,Dharmesh Shah,173 Waterfront St.,Oxon Hill,MARYLAND,20745,240.493.7136
Jamba Juice,"Haider Ali Memon, Fatima Rafique",,Towson,MARYLAND,21212,410.616.9472
Jamba Juice,"Security Jj, Llc","6669 Security Blvd, Ste M-1",Woodlawn,MARYLAND,21207,443-893-3189
Jamba Juice,"Bruegger'S Enterprises, Inc.",158-K Great Rd,Bedford,MASSACHUSETTS,01730,(781) 778-2927
Jamba Juice,Fresh Dining Concepts Llc,75 Middlesex Turnpike,Burlington,MASSACHUSETTS,01803,857.275.2972
Jamba Juice,Ytaz Corporation,769 Lyannough Road,Hyannis,MASSACHUSETTS,02601,774.470.2194
Jamba Juice,"Bruegger'S Enterprises, Inc.",496-498 Main Street,Melrose,MASSACHUSETTS,02176,781.665.1913
Jamba Juice,"Karemor, Inc.",103 East Grand River,East Lansing,MICHIGAN,48823,517.977.1930
Jamba Juice,Rmd Food Llc,929 W. Big Beaver Road,Troy,MICHIGAN,48084,248-509-7513
Jamba Juice,Fresh Dining Concepts Llc,317 East Broadway,Bloomington,MINNESOTA,55425,952.854.5540
Jamba Juice,Fresh Dining Concepts Llc,2111 County Road 42 W.,Burnsville,MINNESOTA,55306,763.264.0024
Jamba Juice,Rich Foods Llc,3965 Eagan Outlets Pkwy.,Eagan,MINNESOTA,55122,612.900.0405
Jamba Juice,Fresh Dining Concepts Llc,7511 France Ave. South,Edina,MINNESOTA,55435,952.842.9251
Jamba Juice,"Northern Hospitality Company, Llc",1600 Warren Street,Mankato,MINNESOTA,56001,507.779.7002
Jamba Juice,Fresh Dining Concepts Llc,"11632 Fountains Dr, Ste 403",Maple Grove,MINNESOTA,55311,763.703.3731
Jamba Juice,Fresh Dining Concepts Llc,12401 Wayzata Blvd,Minnetonka,MINNESOTA,55305,952-544-0486
Jamba Juice,Fresh Dining Concepts Llc,1577 Grand Ave.,St. Paul,MINNESOTA,55105,651.695.0080
Jamba Juice,Fresh Dining Concepts Llc,"8362 Tamarack Village, #123",Woodbury,MINNESOTA,55125,651.731.9412
Jamba Juice,"Mojj, Llc",173 West County Center Drive,Des Peres,MISSOURI,63131,314.626.8001
Jamba Juice,Heartlands Pretzel Iii Llc,14333 S. Nebraska Hwy 31,Gretna,NEBRASKA,68028,402.332.5133
Jamba Juice,Gns Holdings Inc.,"921 Topsy Lane, Ste. 412",Carson City,NEVADA,89705,7752676642
Jamba Juice,"Fc Juice Partners, Llc","1500 N. Green Valley Pkwy., Ste. 240",Henderson,NEVADA,89074,702.270.3336
Jamba Juice,"Fc Juice Partners, Llc",10251 S. Eastern Ave Ste. 120,Henderson,NEVADA,89052,702.901.8255
Jamba Juice,"Aramark Food And Support Services Group, Inc.","UNLV Student Union Bldg., Space #119",Las Vegas,NEVADA,89154,702.895.0827
Jamba Juice,"Fc Juice Partners, Llc","5905 S. Eastern Ave., Ste. 108",Las Vegas,NEVADA,89119,702.632.2815
Jamba Juice,"Fc Juice Partners, Llc","2546 East Craig Rd., Ste. 135",Las Vegas,NEVADA,89030,702.399.4198
Jamba Juice,"Fc Juice Partners, Llc","1121 S Decatur Blvd., Ste. 110",Las Vegas,NEVADA,89102,702.387.9630
Jamba Juice,"Fc Juice Partners, Llc","3200 Las Vegas Blvd, Space 1340",Las Vegas,NEVADA,89109,7026912760
Jamba Juice,"Hospitality Culinaire, Inc.",5757 Wayne Newton Blvd,Las Vegas,NEVADA,89119,702-837-1542
Jamba Juice,"Fc Juice Partners, Llc","6925 S. Rainbow Blvd, Ste 100",Las Vegas,NEVADA,89119,7029061491
Jamba Juice,"Fc Juice Partners, Llc",10830 W. Charleston Blvd,Las Vegas,NEVADA,89135,702-629-2902
Jamba Juice,"Fc Juice Partners, Llc",7130 West Craig Rd,Las Vegas,NEVADA,89129,702.330.0167
Jamba Juice,"Fc Juice Partners, Llc",7204 South Durango,Las Vegas,NEVADA,89113,(702) 640-0694
Jamba Juice,Gns Holdings Inc.,"5140 Kietzke Lane, Ste. B",Reno,NEVADA,89511,775.828.5483
Jamba Juice,Mei-Gsr Holdings Llc,2500 E 2nd St,Reno,NEVADA,89595,(775) 789-2366
Jamba Juice,"One Whirld, Inc.",985 W. 5th Street,Reno,NEVADA,89503,775.622.8690
Jamba Juice,Brunswick Health Food Inc,652 Shoppes Boulevard,North Brunswick,NEW JERSEY,08902,732.227.0490
Jamba Juice,Vibe And Blend Llc,845 Juan Tabo Blvd NE,Albuquerque,NEW MEXICO,87123,505-677-8484
Jamba Juice,Vibe And Blend Llc,2100 Louisiana Dr. NE,Albuquerque,NEW MEXICO,87110,505-508-0585
Jamba Juice,Perfect Pretzels Inc.,424 Hoyt Street (Commissary),Brooklyn,NEW YORK,11229,903.204.4014
Jamba Juice,"Faculty-Student Association Of State University Of New York At Buffalo, Inc.",Student Union Bldg - N Campus,Buffalo,NEW YORK,14261,7166453053
Jamba Juice,Fresh Dining Concepts Llc,90-15 Queens Blvd,Elmhurst,NEW YORK,11373,224.809.8977
Jamba Juice,"Jj Roosevelt, Llc",630 Old Country Road,Garden City,NEW YORK,11530,516.747.0140
Jamba Juice,"Air Ventures Lga, Llc","JFK Airport - JFK & VanWyck, Jet Blue Term. Space 36CC",Jamaica,NEW YORK,11430,(917) 280-4451
Jamba Juice,"Ssp America, Inc.","JFK International Airport, Terminal 4 Loading Dock",Jamaica,NEW YORK,11430,(917) 280-4451
Jamba Juice,"Smoothie 1224, Llc","30 Rockefeller Plaza, Space SM02, Concourse level",New York,NEW YORK,10112,212-247-4611
Jamba Juice,Jj Port Llc,"625 8th Ave, Main Concourse South Wing",New York,NEW YORK,10018,(212) 273-1165
Jamba Juice,"Global Food Concepts, Llc","1 Penn Station, Amtrak Level",New York,NEW YORK,10001,212-695-2602
Jamba Juice,United Group Retail Llc,"185 Greenwich St., #LL5130",New York,NEW YORK,10007,212.349.8395
Jamba Juice,"Laguardia Usa, Llc","LaGuardia Airport - Terminal C, Concourse D",Queens,NEW YORK,11731,501.295.8097
Jamba Juice,"Sheena'S Smoothies 1, Llc",819 Blowing Rock Road,Boone,NORTH CAROLINA,28607,828.263.4406
Jamba Juice,"Harbor Management Company, Inc.","5501 Josh Birmingham Pkwy., Concourse D",Charlotte,NORTH CAROLINA,28208,704.359.9572
Jamba Juice,"Harbor Management Company, Inc.",5501 Josh Birmingham Pkwy A North,Charlotte,NORTH CAROLINA,28208,704-359-9572
Jamba Juice,"Se Co-Brand Ventures, Llc",4400 Sharon Rd,Charlotte,NORTH CAROLINA,28211,704.364.9933
Jamba Juice,"Sheena'S Smoothies 1, Llc",5110 Park Road,Charlotte,NORTH CAROLINA,28209,980.299.0094
Jamba Juice,"Se Co-Brand Ventures, Llc",8111 Concord Mills Blvd.,Concord,NORTH CAROLINA,28027,704.979.7912
Jamba Juice,"Willbar, Llc",810 Ninth St,Durham,NORTH CAROLINA,27705,919-237-3250
Jamba Juice,"Aramark Food And Support Services Group, Inc.",833 Montlieu Avenue,High Point,NORTH CAROLINA,27262,(336) 841-4666
Jamba Juice,"Se Co-Brand Ventures, Llc",11025 Carolina Pl Pkwy,Pineville,NORTH CAROLINA,28134,980-335-0353
Jamba Juice,Epoch Five Enterprises Llc,5300 Riverside Drive Main Terminal,Cleveland,OHIO,44135,216-230-2381
Jamba Juice,Noor Enterprises Inc.,"1500 Polaris Pkwy, Space #2192",Columbus,OHIO,43240,614.468.1083
Jamba Juice,Dream L.L.C.,2141 West 15th Street,Edmond,OKLAHOMA,73013,405-696-5222
Jamba Juice,"Juice Outfitters, L.L.C.",7122 S. Memorial Dr.,Tulsa,OKLAHOMA,74133,(918) 872-9696
Jamba Juice,"Jam1, Llc",2115 SW Pacific Blvd,Albany,OREGON,97321,458.233.8121
Jamba Juice,"The Cinnamon Bums, Inc.","18021 NW Evergreen Pkwy., #D",Beaverton,OREGON,97006,503.533.2050
Jamba Juice,"The Cinnamon Bums, Inc.",2919 SW Cedar Hills Blvd.,Beaverton,OREGON,97005,503.626.2629
Jamba Juice,"The Cinnamon Bums, Inc.","14700 S.W. Murray Scholls Dr, Suite #103",Beaverton,OREGON,97007,503.372.5494
Jamba Juice,"The Cinnamon Bums, Inc.",13543 NW Cornell Rd,Beaverton,OREGON,97229,(503) 747-4276
Jamba Juice,"The Cinnamon Bums, Inc.","2680 NE Highway 20, Ste. 360",Bend,OREGON,97701,541.388.1916
Jamba Juice,"The Cinnamon Bums, Inc.","1580 NW 9th St., Ste. 105",Corvallis,OREGON,97330,541.752.0096
Jamba Juice,"The Cinnamon Bums, Inc.",1005 Green Acres Rd.,Eugene,OREGON,97408,541.687.5860
Jamba Juice,"The Cinnamon Bums, Inc.",293 Valley River Drive,Eugene,OREGON,97401,541.683.3570
Jamba Juice,"The Cinnamon Bums, Inc.","Erb Memorial Union, 1395 University St, Space #049A",Eugene,OREGON,97403,(458) 201-8597
Jamba Juice,"The Cinnamon Bums, Inc.",11965 SE Sunnyside Rd,Happy Valley,OREGON,97015,503-855-3334
Jamba Juice,"The Cinnamon Bums, Inc.","7204 N.E. Cornell Rd., Bldg No. cos357",Hillsboro,OREGON,97124,503.648.3925
Jamba Juice,"Shaz Group, Llc",3623 SE Cornelius Pass Road,Hillsboro,OREGON,97123,503.453.1015
Jamba Juice,C42B Inc.,2555 Jorie Lane,Keizer,OREGON,97303,503.485.0472
Jamba Juice,"Rogue Smoothies, Inc.",20 Rossanley Drive,Medford,OREGON,97501,541.499.0507
Jamba Juice,"Rogue Smoothies, Inc.","15 Garfield Street, Unit 100",Medford,OREGON,97501,458.225.9118
Jamba Juice,"The Cinnamon Bums, Inc.","12000 SE 82nd Ave., #2081",Portland,OREGON,97086,503.659.1996
Jamba Juice,"The Cinnamon Bums, Inc.","1307 N.E. 102nd Ave., Ste. I",Portland,OREGON,97220,503.252.3233
Jamba Juice,All About Foods Group Inc.,7000 NE Airport Way,Portland,OREGON,97218,971.940.7378
Jamba Juice,C42B Inc.,3096 NE Lancaster Dr.,Salem,OREGON,97305,503.566.7045
Jamba Juice,C42B Inc.,2910 Commercial St. S.E.,Salem,OREGON,97302,503.391.6251
Jamba Juice,C42B Inc.,"515 Taggart Dr. NW, Ste. 110",Salem,OREGON,97304,503.585.5544
Jamba Juice,"Blended And Blessed, Llc",36725 Hwy 26,Sandy,OREGON,97055,971.254.3184
Jamba Juice,Sully Blended Llc,21155 SW Baler Way,Sherwood,OREGON,97140,503-610-1348
Jamba Juice,"The Cinnamon Bums, Inc.",9473 SW Washington Square Rd.,Tigard,OREGON,97223,503.670.9643
Jamba Juice,"The Cinnamon Bums, Inc.",7136 SW Hazel Fern Rd.,Tigard,OREGON,97224,503.639.4505
Jamba Juice,"The Cinnamon Bums, Inc.",7137 SW Nyberg St.,Tualatin,OREGON,97062,503.692.4328
Jamba Juice,C42B Inc.,8261-B SW Wilsonville Rd.,Wilsonville,OREGON,97070,503.570.9119
Jamba Juice,"The Cinnamon Bums, Inc.","22401 NE Glisan Street, Ste. A",Wood Village,OREGON,97060,503.492.9467
Jamba Juice,"Kiranben Patel, Dinesh Patel, Yogesh Patel",4604 Broadway,Allentown,PENNSYLVANIA,18104,610.351.5101
Jamba Juice,Hissan Khalid Inc.,520 Centerville Rd,Lancaster,PENNSYLVANIA,17601,717.522.5953
Jamba Juice,"New York Ice Cream, Inc.","Philadelphia Int'l Airport, Space C-9A",Philadelphia,PENNSYLVANIA,19153,215.805.6862
Jamba Juice,"Aramark Food And Support Services Group, Inc.",1816 N. 15th St - Campus Rec Center,Philadelphia,PENNSYLVANIA,19121,610-762-7624
Jamba Juice,"New York Ice Cream, Inc.","Terminal D, adjacent to Gate D-6",Philadelphia,PENNSYLVANIA,19153,215-365-6547
Jamba Juice,"Aramark Educational Services, Llc",2401 Cardinal Ave,Philadelphia,PENNSYLVANIA,19131,610.660.1170
Jamba Juice,"Bruegger'S Enterprises, Inc.",531 Grant Street,Pittsburgh,PENNSYLVANIA,15219,412.471.9249
Jamba Juice,The Pennsylvania State University,"HUB - Student Union Center, Space 1020",University Park,PENNSYLVANIA,16802,814.865.7623
Jamba Juice,"Se Co-Brand Ventures, Llc",100 Columbiana Circle,Columbia,SOUTH CAROLINA,29212,843-655-1868
Jamba Juice,"Se Co-Brand Ventures, Llc","700 Haywood Mall, Ste 2020A",Greenville,SOUTH CAROLINA,29607,864.284.0577
Jamba Juice,"Se Co-Brand Ventures, Llc",4635 Factory Stores Blvd,Myrtle Beach,SOUTH CAROLINA,29579,(843) 999-6390
Jamba Juice,"Se Co-Brand Ventures, Llc",4840 Tanger Outlet Blvd,North Charleston,SOUTH CAROLINA,29418,843-945-0236
Jamba Juice,"Jaml, Llc","1844 W. McEwen Dr., Ste. 100",Franklin,TENNESSEE,37067,615.905.5617
Jamba Juice,"Se Co-Brand Ventures, Llc",7600 Kingston Pike,Knoxville,TENNESSEE,37919,865-690-8956
Jamba Juice,"Jaml Ii, Llc","3053 Medical Center Pkwy, Ste A",Murfreesboro,TENNESSEE,37129,615-396-8702
Jamba Juice,"Anderson Capital Group, Llc",433 Opry Mills Road,Nashville,TENNESSEE,37214,629.333.1584
Jamba Juice,"Se Co-Brand Ventures, Llc",2126 Abbott Martin Rd,Nashville,TENNESSEE,37215,615-878-1126
Jamba Juice,John Anderson,434 Sam Ridley Pkwy W.,Smyrna,TENNESSEE,37167,615-462-5697
Jamba Juice,Fresh Dining Concepts Llc,"1201 Barbara Jordan Blvd., Ste. 1295",Austin,TEXAS,78722,512.482.9722
Jamba Juice,Ras Club Llc,"2501 W. Parmer Lane, Ste. 700 A",Austin,TEXAS,78758,512.276.2942
Jamba Juice,Fresh Dining Concepts Llc,"5425 S. Padre Island Dr., #112A",Corpus Christi,TEXAS,78411,361.906.2474
Jamba Juice,Fresh Dining Concepts Llc,5923 Greenville Ave.,Dallas,TEXAS,75206,214.363.6461
Jamba Juice,Fresh Dining Concepts Llc,13350 North Dallas Pkwy,Dallas,TEXAS,75240,(972) 661-8060
Jamba Juice,"Ptv Venture, Llc",3662 W. Camp Wisdom Road,Dallas,TEXAS,75237,(678) 799-7415
Jamba Juice,"Four Leaf Ventures, Llc","2400 Aviation Drive, Terminal E",Dallas Fort Worth,TEXAS,75261,972.973.6414
Jamba Juice,University Of North Texas,1155 Union Circle,Denton,TEXAS,76203,940.369.8494
Jamba Juice,Sodexo Services Of Texas Limited Partnership,"Union Services Building, 500 W. University",El Paso,TEXAS,79968,915.747.5628
Jamba Juice,Smoothie Life Llc,985 N. Resler Road,El Paso,TEXAS,79912,915.400.4173
Jamba Juice,Smoothie Life Llc,13371 Eastlake Blvd.,El Paso,TEXAS,79928,915.234.2889
Jamba Juice,Fresh Dining Concepts Llc,4811 Overton Ridge,Fort Worth,TEXAS,76132,817.370.6478
Jamba Juice,"Cowtown Smoothies, Llc",5305 Golden Triangle Blvd.,Fort Worth,TEXAS,76244,817.741.5262
Jamba Juice,"Cowtown Smoothies, Llc",7046 Blue Mound Road,Fort Worth,TEXAS,76131,682.224.0432
Jamba Juice,Nero Solutions Llc,6828 Stonebrook Parkway,Frisco,TEXAS,75034,214.308.9201
Jamba Juice,Ansh Brothers Llc,2805 Heritage Trace Pkwy.,Ft. Worth,TEXAS,76177,(817) 928-4828
Jamba Juice,Fresh Dining Concepts Llc,"3040 W Camp Wisdom Rd., Ste. 100",Grand Prairie,TEXAS,75052,972.606.8655
Jamba Juice,Fresh Dining Concepts Llc,"2515 Post Oak Blvd., Ste. A",Houston,TEXAS,77056,713.850.1089
Jamba Juice,Amirah Ventures Llc,6710 Spring Stuebner Rd,Houston,TEXAS,77389,832.953.2613
Jamba Juice,Amirah Ventures Llc,"6405 West Road, Ste. 500",Houston,TEXAS,77086,832.582.7498
Jamba Juice,"Cediel Concession Management, Llc",2800 N. Terminal Road,Houston,TEXAS,77032,281.233.7624
Jamba Juice,Fresh Dining Concepts Llc,6440 N. MacArthur Blvd.,Irving,TEXAS,75039,972.401.3800
Jamba Juice,Fresh Dining Concepts Llc,23501 Cinco Ranch Blvd.,Katy,TEXAS,77494,281.574.1646
Jamba Juice,Linrfa Fresh Llc,"1565 W. Main Street, Ste. 200",Lewisville,TEXAS,75067,469.630.0118
Jamba Juice,Linrfa Fresh Llc,2750 Little Elm Pkwy,Little Elm,TEXAS,75068,469.252.1810
Jamba Juice,"Jink Cafe, Inc",3030 E. Broad Street,Mansfield,TEXAS,76063,682.400.8088
Jamba Juice,"Aloha Juice, Llc",1658 W. University Dr,Mckinney,TEXAS,75069,(469) 631-0305
Jamba Juice,Blendii Llc,"5200 Stacy Road, Suite 600",Mckinney,TEXAS,75070,469.631.0010
Jamba Juice,Tillman'S Whirl'D Inc.,"9303 Hwy 6, Ste 100",Missouri City,TEXAS,77459,(281) 778-0019
Jamba Juice,"Garner Hospitality Group, Llc",115 W Farm To Market 544,Murphy,TEXAS,75094,214-984-0560
Jamba Juice,Fresh Dining Concepts Llc,"2810 Business Center Dr., Ste. 138",Pearland,TEXAS,77584,713.340.2278
Jamba Juice,Fresh Dining Concepts Llc,"1201 E. Spring Creek Pkwy, Ste. 180",Plano,TEXAS,75074,972.424.5015
Jamba Juice,"Harmony Tree, Llc",6100 W. Park Blvd.,Plano,TEXAS,75093,214-501-2119
Jamba Juice,Amirah Ventures Llc,10169 Grand Parkway,Richmond,TEXAS,77407,(832) 944-6994
Jamba Juice,Fresh Dining Concepts Llc,"290 E. Basse Rd., #101",San Antonio,TEXAS,78209,210.824.0050
Jamba Juice,Fresh Dining Concepts Llc,"5535 W. Loop 1604 N., Ste. 101",San Antonio,TEXAS,78251,210.509.4441
Jamba Juice,Fresh Dining Concepts Llc,"8603 State Hwy 151, Ste. 101",San Antonio,TEXAS,78245,210.521.2477
Jamba Juice,Mer Business Llc,7400 San Pedro,San Antonio,TEXAS,78216,210-306-2335
Jamba Juice,"Tdj Quality, Limited Liability Company",20935 US Hwy. 281 North,San Antonio,TEXAS,78258,210.310.3046
Jamba Juice,Fresh Dining Concepts Llc,7003 Bandera Road,San Antonio,TEXAS,78238,210.257.0372
Jamba Juice,"Five Star Pretzel, Llc",16535 Southwest Fwy,Sugar Land,TEXAS,77479,281-325-0353
Jamba Juice,Platinum Juice And Pretzel Inc.,1201 Lake Woodlands Dr,The Woodlands,TEXAS,77380,281 419 4774
Jamba Juice,Fresh Dining Concepts Llc,4300 W. Waco Dr.,Waco,TEXAS,76710,254.751.1689
Jamba Juice,Blendii Llc,809 Woodbridge Pkwy.,Wylie,TEXAS,75098,469.626.0121
Jamba Juice,"Blended Star, Llc",646 South Main Street,Cedar City,UTAH,84720,(435) 263-0497
Jamba Juice,"Blended Star, Llc","1776 North 2000 West, Ste. 2",Clinton,UTAH,84015,801.779.9616
Jamba Juice,"Brack & Field, Llc","148 E. 12300 S., Ste. #D",Draper,UTAH,84020,801.523.9741
Jamba Juice,"Blended Star, Llc",14728 S. Marketplace Dr.,Herriman,UTAH,84096,801.901.4101
Jamba Juice,"Blended Star, Llc",1944 N. Woodland Park Dr.,Layton,UTAH,84040,801.779.1200
Jamba Juice,"Blended Star, Llc","3601 North Digital Dr, Ste 206",Lehi,UTAH,84048,385-455-4104
Jamba Juice,"Anderson Juice, Inc.","130 E. 400 N., #200",Logan,UTAH,84321,435.755.9922
Jamba Juice,"Blended Star, Llc","7194 S. Union Park Ave., #200",Midvale,UTAH,84047,801.561.9361
Jamba Juice,"Blended Star, Llc","1155 West Riverdale Rd., Unit B",Ogden,UTAH,84405,801.399.4333
Jamba Juice,"Blended Star, Llc",4396 South Harrison Blvd,Ogden,UTAH,84403,801-605-3149
Jamba Juice,"Brack & Field, Llc",800 W. University Pkwy,Orem,UTAH,84058,(801) 863-6041
Jamba Juice,"Brack & Field, Llc","1774 N. University Pkwy, #60",Provo,UTAH,84604,801.377.0404
Jamba Juice,Brigham Young University,"2047 Ernest L. Wilkinson, Student Ctn. #C",Provo,UTAH,84602,801.422.3245
Jamba Juice,Jc 4Th South Llc,"613 East 400 South, Unit C",Salt Lake City,UTAH,84102,801.575.6756
Jamba Juice,"Blended Star, Llc","3294 S. 1300 E., Unit B",Salt Lake City,UTAH,84106,801.463.9200
Jamba Juice,"Blended Star, Llc",5590 S. Van Winkle Expressway,Salt Lake City,UTAH,84117,385.355.1700
Jamba Juice,"Host International, Inc.",3920 W. Terminal Dr.,Salt Lake City,UTAH,84122,801.638.1808
Jamba Juice,"Blended Star, Llc",77 W. 10600 South St.,Sandy,UTAH,84070,801.553.7040
Jamba Juice,"Blended Star, Llc","11507 S. Pkwy Plaza Dr., Ste. 200",South Jordan,UTAH,84095,801.495.5320
Jamba Juice,"Blended Star, Llc","473 South River Rd, Ste A",St. George,UTAH,84790,435-359-1305
Jamba Juice,"Blended Star, Llc",1091 N. Bluff St.,St. George,UTAH,84770,435.523.3090
Jamba Juice,"Blended Star, Llc","5578 S. Redwood Blvd., Unit C",Taylorsville,UTAH,84123,801.968.9767
Jamba Juice,"Brack & Field, Llc",7689 S. Jordan Landing Blvd.,West Jordan,UTAH,84084,(801) 282-8393
Jamba Juice,"Blended Star, Llc","3567 Constitution Blvd., Space 250",West Valley City,UTAH,84119,801-966-3200
Jamba Juice,Xapa X Llc,"2024 Concessions Pentagon, Room 3B752",Arlington,VIRGINIA,22201,703.892.2062
Jamba Juice,Virginia Polytechnic Institute And State University,Academic & Student Affairs Bldg,Blacksburg,VIRGINIA,24060,5402318203
Jamba Juice,"Fraiche Virginia, Inc.","1600 Premium Outlets Blvd, Space 606",Norfolk,VIRGINIA,23502,757-966-1451
Jamba Juice,"Vitaligent-Washington, Llc",131 Bellevue Square,Bellevue,WASHINGTON,98004,425-531-8282
Jamba Juice,Bens Truck Stop Llc,1300 Boblett St,Blaine,WASHINGTON,98230,360.312.7209
Jamba Juice,"Vitaligent-Washington, Llc","1839 S. Burlington Blvd, Ste. 131",Burlington,WASHINGTON,98233,360-853-3017
Jamba Juice,"Vitaligent-Washington, Llc","17125 SE 270th Place, Ste. 101",Covington,WASHINGTON,98042,253-329-6652
Jamba Juice,"Vitaligent-Washington, Llc","305 SE Everett Mall Way, Ste. 30",Everett,WASHINGTON,98208,425-531-8280
Jamba Juice,"Vitaligent-Washington, Llc","1413 South 348th St., Ste. L-101",Federal Way,WASHINGTON,98003,253.329.6454
Jamba Juice,"Vitaligent-Washington, Llc",6160 E. Lake Sammamish Pkwy SE,Issaquah,WASHINGTON,98029,425-531-8278
Jamba Juice,"Vitaligent-Washington, Llc","1350 Marvin Rd N.E., Ste. F",Lacey,WASHINGTON,98516,360-853-3105
Jamba Juice,"Vitaligent-Washington, Llc","3000-184th Street SW, Ste. 880",Lynnwood,WASHINGTON,98037,425-531-8002
Jamba Juice,"Vitaligent-Washington, Llc","17101 27th Ave. NE, Ste. B107",Marysville,WASHINGTON,98271,360-853-3221
Jamba Juice,"Anderson Juice - Sandifur, Llc",7425 Sandifur Parkway,Pasco,WASHINGTON,99301,509-380-5052
Jamba Juice,"Vitaligent-Washington, Llc",3803 Meridian South,Puyallup,WASHINGTON,98373,253-329-6351
Jamba Juice,"Vitaligent-Washington, Llc",16002 Redmond Way NE,Redmond,WASHINGTON,98052,425-531-8000
Jamba Juice,"Anderson Juice, Inc.",2727 Queensgate Dr,Richland,WASHINGTON,99352,509.579.0151
Jamba Juice,"Loko Blending Valley, Llc","14700 E Indiana Ave, Space 2126",Spokane,WASHINGTON,99216,509.241.3956
Jamba Juice,"Vitaligent-Washington, Llc","4502 S. Steele St., Ste. #381",Tacoma,WASHINGTON,98409,253-329-4408
Jamba Juice,"Vitaligent-Washington, Llc","680 Southcenter Mall, Unit #1110",Tukwila,WASHINGTON,98188,206-947-0168
Jamba Juice,"The Cinnamon Bums, Inc.","8101 NE Pkwy Dr., Ste. #D-6",Vancouver,WASHINGTON,98662,360.260.5061
Jamba Juice,"The Cinnamon Bums, Inc.",164th & Mill Plain Rd.,Vancouver,WASHINGTON,98683,360.718.2169
Jamba Juice,"The Cinnamon Bums, Inc.",7907 NE 6th Ave,Vancouver,WASHINGTON,98665,360-984-3316
Jamba Juice,"Anderson Juice - Rainier, Llc",2412 W Nob Hill Blvd #106,Yakima,WASHINGTON,98902,509-367-6412
Jamba Juice,"G&G Juice Company Of Wisconsin, Llc","17000 W. Bluemound Rd., Unit E",Brookfield,WISCONSIN,53005,262-641-0000
Jamba Juice,"Twisted Pretzel, Inc.",650 State Street,Madison,WISCONSIN,53703,608.467.8070
Jamba Juice,"V & J Center, Llc","544 E. Ogden Ave, Ste 300A",Milwaukee,WISCONSIN,53202,414.800.7991
Jamba Juice,"V & J Center, Llc",1614 Wisconsin Avenue,Milwaukee,WISCONSIN,53233,262.933.2687
Jamba Juice,"Idad-4, Inc",,Tucson,ARIZONA,,(702) 427-4422
Jamba Juice,"Concorde Food Group, Llc",,Bentonville,ARKANSAS,,4792952949
Jamba Juice,"Socal Smoothies, Llc",,,CALIFORNIA,,(714) 863-8900
Jamba Juice,American Juice Company Inc.,,Apple Valley,CALIFORNIA,,(424) 744-7311
Jamba Juice,"Vinod Rajani, Anand Gadre",,Atwater,CALIFORNIA,,(209) 421-8568
Jamba Juice,Sim Shiv Travel Plaza Inc,,Baker,CALIFORNIA,,(310) 748-1348
Jamba Juice,Bakersfield Travel Plaza Inc.,,Bakersfield,CALIFORNIA,,(310) 748-1348
Jamba Juice,Habibna Inc.,,Bakersfield,CALIFORNIA,,(661) 333-0000
Jamba Juice,Karandeep Gill,,Bakersfield,CALIFORNIA,,(661) 520-8560
Jamba Juice,Sssb 10 Corp,,Bakersfield,CALIFORNIA,,661-873-5181
Jamba Juice,"Tkram, Inc.",,Bakersfield,CALIFORNIA,,(661) 333-0000
Jamba Juice,"Samra Ventures, Llc",,Berekley,CALIFORNIA,,(619) 627-8201
Jamba Juice,"Socal Jamba, Llc",,Beverly Hills,CALIFORNIA,,(714) 863-8900
Jamba Juice,"Brawley Retail Food, Inc.",,Brawley,CALIFORNIA,,(717) 323-0553
Jamba Juice,Simshiv Investments Inc.,,Calexico,CALIFORNIA,,(310) 748-1348
Jamba Juice,Steve Ford,,Calexico,CALIFORNIA,,(858) 254-8401
Jamba Juice,Greypoint Ventures Llc,,Camarillo,CALIFORNIA,,(818) 912-9180
Jamba Juice,"Clk 1 Juice, Lp",,Camp Pendleton South,CALIFORNIA,,(760) 774-3486
Jamba Juice,Jaswinder Singh,,Castro Valley,CALIFORNIA,,(650) 770-3327
Jamba Juice,Lakeview Gas And Food,,Clearlake,CALIFORNIA,,2096793758
Jamba Juice,Apna Investment Group Inc,,Clovis,CALIFORNIA,,(559) 232-5696
Jamba Juice,"Narinder Kamboj, Ramanjeet Kamboj",,Cupertino,CALIFORNIA,,(408) 205-6728
Jamba Juice,"Tera Investments, Inc.",,Davis,CALIFORNIA,,(707) 519-1075
Jamba Juice,"Jessica Pama, Kamaljit Pama",,Dublin,CALIFORNIA,,916-410-0537
Jamba Juice,Sohoon Im Llc,,Kettleman City,CALIFORNIA,,(415) 823-0953
Jamba Juice,Kramer Junction Travel Center Llc,,Kramer Junction,CALIFORNIA,,(310) 748-1348
Jamba Juice,"Pak Investment, Inc.",,Lake Elsinore,CALIFORNIA,,(951) 239-7926
Jamba Juice,Tanvir Pahal,,Lemoore,CALIFORNIA,,5308444896
Jamba Juice,Pal Brothers Llc,,Lindsey,CALIFORNIA,,(661) 703-8961
Jamba Juice,Jose Tapia,,Los Banos,CALIFORNIA,,(408) 767-5289
Jamba Juice,Yosemite Travel Center Llc,,Madera,CALIFORNIA,,(559) 281-4610
Jamba Juice,Charisse Thomas,,Rancho Cucamonga,CALIFORNIA,,9169478010
Jamba Juice,Fresh Dining Concepts Llc,,San Francisco,CALIFORNIA,,(303) 916-5676
Jamba Juice,"Gerardo Rojas, Nancy Rojas",,San Jose,CALIFORNIA,,(408) 826-9772
Jamba Juice,Refresh Travel Plaza Inc.,,San Juan Bautista,CALIFORNIA,,(310) 748-1348
Jamba Juice,Bds Travel Center Inc.,,Santa Nella,CALIFORNIA,,(559) 824-2477
Jamba Juice,Dilraj Pahal,,Selma,CALIFORNIA,,5304157168
Jamba Juice,"Aakash Patel, Yash Patel",,Ukiah,CALIFORNIA,,(337) 244-9987
Jamba Juice,Jose Castillo,,Watsonville,CALIFORNIA,,(408) 892-9321
Jamba Juice,"Holly Runyan, Ryan Runyan",,Willits,CALIFORNIA,,(971) 288-6391
Jamba Juice,"Three Tom Brands, Llc",,Denver,COLORADO,,(404) 394-1641
Jamba Juice,Riyad Omar,,Newark,DELAWARE,,(443) 365-9444
Jamba Juice,Vernon Davis,,Tbd,DISTRICT OF COLUMBIA,,(408) 355-5503
Jamba Juice,Jemitomi Rg Llc,,Jacksonville,FLORIDA,,(724) 841-8846
Jamba Juice,Terrific Tastes Llc,,Jacksonville,FLORIDA,,(714) 612-3411
Jamba Juice,Emerging Enterprises Llc,,Kennesaw,GEORGIA,,(404) 217-7493
Jamba Juice,Kk & Sr Llc,,Bolingbrook,ILLINOIS,,(510) 449-2789
Jamba Juice,Girishkumar Patel,,Elmhurst,ILLINOIS,,(708) 935-0223
Jamba Juice,"Susu Hospitality Group, Llc",,Hyde Park,ILLINOIS,,(925) 415-9150
Jamba Juice,Blendedbybusch Llc,,Greenwood,INDIANA,,(208) 403-1994
Jamba Juice,"Cris A. Keeter, Darren Thevathasan, Derrick O'Keefe",,Derby,KANSAS,,(316) 313-6003
Jamba Juice,"Connected Juice Co, Llc",,Mission,KANSAS,,(316) 313-6003
Jamba Juice,"Aziz Tejani, Bal Dahal",,Monroe,LOUISIANA,,(409) 779-7177
Jamba Juice,"Elatime, Llc",,Gambrills,MARYLAND,,(410) 279-5974
Jamba Juice,Hkj Holdings Llc,,Dearborn,MICHIGAN,,(313) 522-4333
Jamba Juice,Rich Foods Llc,,Albertville,MINNESOTA,,(917) 847-7191
Jamba Juice,David Carlson,,St Cloud,MINNESOTA,,(320) 241-5374
Jamba Juice,V&Y Llc,,Columbia,MISSOURI,,573-289-9424
Jamba Juice,"Concorde Coffee, Llc",,Springfield,MISSOURI,,4792952949
Jamba Juice,"Kingsway Development, Llc",,St. Louis,MISSOURI,,(314) 753-1164
Jamba Juice,Togo'S Eateries Of Nevada Llc,,Las Vegas,NEVADA,,702-581-5733
Jamba Juice,"One Whirld, Inc.",,Sparks,NEVADA,,(415) 302-2537
Jamba Juice,All About Foods Group Inc.,,Newark,NEW JERSEY,,(917) 536-3918
Jamba Juice,Three Angels Juice Company,,Tinton Falls,NEW JERSEY,,(732) 735-1367
Jamba Juice,Craig Duran,,Albuquerque,NEW MEXICO,,(575) 941-0605
Jamba Juice,Vibe And Blend Llc,,Albuquerque,NEW MEXICO,,(505) 515-6278
Jamba Juice,Perfect Pretzels Inc.,,Brooklyn,NEW YORK,,(347) 893-6391
Jamba Juice,Rainbow Sweet Cravings Llc,,Niagara Falls,NEW YORK,,(716) 544-0122
Jamba Juice,Chonly Mcgowan,,Cary,NORTH CAROLINA,,(919) 332-1292
Jamba Juice,Dream Helpers Llc,,Charlotte,NORTH CAROLINA,,(803) 556-1533
Jamba Juice,Noor Enterprises Inc.,,Columbus,OHIO,,(614) 207-0612
Jamba Juice,"Spin Ohio, Inc",,Steubenville,OHIO,,(651) 592-4784
Jamba Juice,"The Cinnamon Bums, Inc.",,Canby,OREGON,,(503) 805-9223
Jamba Juice,Sully Blended Llc,,Mcminnville,OREGON,,(408) 500-2473
Jamba Juice,Manish Khanna,,Bryn Mawr,PENNSYLVANIA,,(732) 735-1367
Jamba Juice,Chris Herron,,Swathmore,PENNSYLVANIA,,(215) 205-0411
Jamba Juice,"J Will Pretzels Iii, Inc.",,Providence,RHODE ISLAND,,(203) 940-0545
Jamba Juice,Vijay Patel,,Brentwood,TENNESSEE,,(615) 400-2246
Jamba Juice,"Kiranben Patel, Dinesh Patel",,Hendersonville,TENNESSEE,,4015678546
Jamba Juice,Ina Kuruvilla,,Arlington,TEXAS,,(817) 709-3579
Jamba Juice,Antonio Bernus,,Brownsville,TEXAS,,(956) 371-6109
Jamba Juice,"The Shaw Thompson Group, Llc",,Cypress,TEXAS,,(832) 725-1000
Jamba Juice,Linrfa Fresh Llc,,Denton,TEXAS,,(870) 275-1982
Jamba Juice,Smoothie Life Llc,,El Paso,TEXAS,,(915) 282-9043
Jamba Juice,"Kawaja Holdings, Llc",,Euless,TEXAS,,(469) 569-6840
Jamba Juice,"Garner Hospitality Group, Llc",,Frisco,TEXAS,,(817) 874-8210
Jamba Juice,Jaa Texas Llc,,Harlingen,TEXAS,,(956) 371-6109
Jamba Juice,"Brkbread, Llc",,Houston,TEXAS,,(301) 667-7717
Jamba Juice,"Cediel Concession Management, Llc",,Houston,TEXAS,,(713) 851-8867
Jamba Juice,Tarzan & Jane (Stanton) Llc,,Midland,TEXAS,,(432) 250-1220
Jamba Juice,Anthony Speed,,San Antonio,TEXAS,,(209) 271-3010
Jamba Juice,Chops Global Llc,,San Antonio,TEXAS,,(903) 422-9361
Jamba Juice,"Blended Star, Llc",,Washington,UTAH,,(925) 989-7956
Jamba Juice,"Andrew Owlett, Kristin Owlett",,Ashburn,VIRGINIA,,(973) 580-8265
Jamba Juice,"John Shoja, Mohammad Shuaib",,Chantilly,VIRGINIA,,(571) 246-6222
Jamba Juice,Geliga Purnama,,Fairfax,VIRGINIA,,(703) 944-1051
Jamba Juice,"Brandon Scott, Mashelle Scott, Charles Hatchett",,Battle Ground,WASHINGTON,,3609496769
Jamba Juice,Syg Llc,,Federal Way,WASHINGTON,,2068234451
Jamba Juice,"Cassidy Mclean, Dallyn Mclean",,Moses Lake,WASHINGTON,,(509) 431-2118
Jamba Juice,"Cmcs 3 Juice, Lp",,Anaheim,CALIFORNIA,,(310) 678-5172
Jamba Juice,"13P Juice, Llc",,Auburn,CALIFORNIA,,(305) 491-7627
Jamba Juice,"Rpm Jamba #6, Inc.",,Canyon Country,CALIFORNIA,,(310) 497-4960
Jamba Juice,"Cmcs Juice, Lp",,Cypress,CALIFORNIA,,(310) 678-5172
Jamba Juice,"Cmcs 2 Juice, Lp",,Fountain Valley,CALIFORNIA,,(310) 678-5172
Jamba Juice,Blending Sweet Success Inc,,Jackson,CALIFORNIA,,(209) 304-1403
Jamba Juice,Dhillon & Naser Llc,,Livermore,CALIFORNIA,,(916) 494-8777
Jamba Juice,"Rpm Jamba #3, Inc.",,Palmdale,CALIFORNIA,,(310) 497-4960
Jamba Juice,Grappa Investments Llc,,Ripon,CALIFORNIA,,(312) 912-1833
Jamba Juice,"Rpm Jamba #4, Inc.",,Valencia,CALIFORNIA,,(310) 497-4960
Jamba Juice,W. Randall Porter,,Rexburg,IDAHO,,(208) 390-4797
Jamba Juice,"G&G Juice Company Of Wisconsin, Llc",,Milwaukee,WISCONSIN,,(616) 745-8036
Jamba Juice,"Whirld Concepts, Inc.",,Peoria,ARIZONA,,(530) 400-9097
Jamba Juice,"Valley Juice Alameda, Llc",,Alameda,CALIFORNIA,,(510) 867-4823
Jamba Juice,Juicecrafters Inc.,,Anaheim,CALIFORNIA,,(562) 572-9341
Jamba Juice,"Slo Life Company, Llc",,Bakersfield,CALIFORNIA,,(805) 235-1399
Jamba Juice,Sonnshine Llc,,Dublin,CALIFORNIA,,(510) 867-4823
Jamba Juice,"Compass Group Usa, Inc.",,Hayward,CALIFORNIA,,(704) 771-3470
Jamba Juice,"Brea Juice Company, Llc",,Los Angeles,CALIFORNIA,,(714) 863-8900
Jamba Juice,"La Juice Company, Llc",,Los Angeles,CALIFORNIA,,(714) 863-8900
Jamba Juice,"Vitaligent-Norcal, Llc",,Modesto,CALIFORNIA,,(801) 268-3400
Jamba Juice,"La Jamba, Llc",,Montebello,CALIFORNIA,,(714) 863-8900
Jamba Juice,"Golden West Smoothies, Llc",,Pasadena,CALIFORNIA,,(714) 863-8900
Jamba Juice,"Clk 4 Juice, Lp",,San Diego,CALIFORNIA,,(760) 774-3486
Jamba Juice,"Valley Juice, Llc",,San Francisco,CALIFORNIA,,(510) 867-4823
Jamba Juice,"Vitaligent-East Bay, Llc",,San Jose,CALIFORNIA,,(801) 268-3400
Jamba Juice,Whirl San Diego Llc,,San Marcos,CALIFORNIA,,(415) 505-4820
Jamba Juice,"Rpm Juice, Inc.",,Studio City,CALIFORNIA,,(310) 497-4960
Jamba Juice,"Tetrad Investments, Lp",,Tustin,CALIFORNIA,,(949) 698-8641
Jamba Juice,"Milzels 2, Llc",,Washington,DISTRICT OF COLUMBIA,,770-652-9909
Jamba Juice,Romba Juice 2 Llc,,Columbia,MARYLAND,,770-652-9909
Jamba Juice,"Sodexo Operations, Llc",,Ft. Meade,MARYLAND,,(610) 295-2978
Jamba Juice,"Romba Juice, Llc",,Hanover,MARYLAND,,770-652-9909
Jamba Juice,"Yummy Goodeez, Llc",,Owings Mills,MARYLAND,,(410) 978-5441
Jamba Juice,Chestnut Land Company,,Grand Rapids,MICHIGAN,,(330) 565-0516
Jamba Juice,"Fc Juice Partners, Llc",,Las Vegas,NEVADA,,(702) 427-4991
Jamba Juice,Fruitjuice Inc.,,Elizabeth,NEW JERSEY,,(201) 776-5412
Jamba Juice,"Be The Boss, Llc",,Woodburn,OREGON,,503-931-3593
Jamba Juice,Abjjjg Llc,,Cedar Park,TEXAS,,(512) 351-1375
Jamba Juice,South Plains Jamba Llc,,Lubbock,TEXAS,,(801) 946-1637
Jamba Juice,"Hfv, Llc",,Tysons,VIRGINIA,,(718) 637-9247
Jamba Juice,"Vitaligent-Washington, Llc",,Lakewood,WASHINGTON,,(801) 268-3400
Jamba Juice,"Lovepreet Singh Batth, Gurmeet Singh Gill",,Selma,CALIFORNIA,,(559) 349-5200
Jamba Juice,Cyrus Amroliwalla,,Tbd,CONNECTICUT,,(203) 537-7153
Jamba Juice,"Wade Wyatt, Kari Wyatt",,Palm Beach Gardens,FLORIDA,,(302) 531-6342
Jamba Juice,Comforth Ventures Llc,,Columbia,MARYLAND,,(443) 510-5230
Jamba Juice,"Niravkumar Patel, Parth Patel, Abhik Patel",,Glen Burnie,MARYLAND,,(410) 917-7735
Jamba Juice,Tamiko Ogasawara,,Las Vegas,NEVADA,,(408) 598-0738
Jamba Juice,"Liberty Food Services, Llc",,Hamilton,NEW JERSEY,,(856) 217-1967
Jamba Juice,"Surya Brands, Llc",,Rochester,NEW YORK,,(832) 385-4012
Jamba Juice,"Swati Gupta-Enriquez, Kanupriya Gupta",,Rochester,NEW YORK,,(832) 385-4012
Jamba Juice,"Rogue Smoothies, Inc.",,Grants Pass,OREGON,,(541) 941-0982
Jamba Juice,Gmd Land Company Llc,,Chehalis,WASHINGTON,,(559) 905-9407
